{"cameraMode":{"drawMode":0,"name":"Shaded","section":"Shading Mode"},"sceneLighting":true,"audioPlay":false,"sceneViewState":{"showFog":false,"showMaterialUpdate":false,"showSkybox":false,"showFlares":false,"showImageEffects":false,"showParticleSystems":true},"in2DMode":false,"pivot":{"x":-55.7877197265625,"y":-35.03056335449219,"z":76.72140502929688},"rotation":{"x":0.171874538064003,"y":-0.2282431423664093,"z":0.04097612574696541,"w":0.9574368000030518},"size":176.4481201171875,"orthographic":false}